{"cameraMode":{"drawMode":0,"name":"Shaded","section":"Shading Mode"},"sceneLighting":false,"audioPlay":false,"sceneViewState":{"m_AlwaysRefresh":false,"showFog":true,"showSkybox":false,"showFlares":true,"showImageEffects":true,"showParticleSystems":true,"showVisualEffectGraphs":true,"m_FxEnabled":true},"in2DMode":false,"pivot":{"x":1.0476820468902588,"y":0.6836915016174316,"z":0.26619964838027956},"rotation":{"x":-0.14425940811634065,"y":0.6358192563056946,"z":-0.13094304502010346,"w":-0.7469411492347717},"size":1.2247449159622193,"orthographic":false}