{"cameraMode":{"drawMode":0,"name":"Shaded","section":"Shading Mode"},"sceneLighting":false,"audioPlay":false,"sceneViewState":{"m_AlwaysRefresh":false,"showFog":true,"showSkybox":false,"showFlares":true,"showImageEffects":true,"showParticleSystems":true,"showVisualEffectGraphs":true,"m_FxEnabled":true},"in2DMode":false,"pivot":{"x":2.3407628536224367,"y":2.256304979324341,"z":0.35635489225387576},"rotation":{"x":-0.2539280354976654,"y":0.6462165117263794,"z":-0.23620077967643739,"w":-0.6798325181007385},"size":1.2247450351715088,"orthographic":false}