{"cameraMode":{"drawMode":0,"name":"Shaded","section":"Shading Mode"},"sceneLighting":false,"audioPlay":false,"sceneViewState":{"m_AlwaysRefresh":false,"showFog":true,"showSkybox":false,"showFlares":true,"showImageEffects":true,"showParticleSystems":true,"showVisualEffectGraphs":true,"m_FxEnabled":true},"in2DMode":false,"pivot":{"x":-0.035297829657793048,"y":-0.33578038215637209,"z":0.256046861410141},"rotation":{"x":-0.32455408573150637,"y":-0.0700886994600296,"z":0.017666753381490709,"w":-0.94318026304245},"size":0.7578468322753906,"orthographic":false}