{"cameraMode":{"drawMode":0,"name":"Shaded","section":"Shading Mode"},"sceneLighting":false,"audioPlay":false,"sceneViewState":{"m_AlwaysRefresh":false,"showFog":true,"showSkybox":false,"showFlares":true,"showImageEffects":true,"showParticleSystems":true,"showVisualEffectGraphs":true,"m_FxEnabled":true},"in2DMode":false,"pivot":{"x":3.9307212829589845,"y":2.9084534645080568,"z":-4.414822578430176},"rotation":{"x":0.19327259063720704,"y":-0.3254859149456024,"z":0.06815124303102493,"w":0.9230718016624451},"size":0.8660253882408142,"orthographic":false}