{"cameraMode":{"drawMode":0,"name":"Shaded","section":"Shading Mode"},"sceneLighting":false,"audioPlay":false,"sceneViewState":{"m_AlwaysRefresh":false,"showFog":true,"showSkybox":false,"showFlares":true,"showImageEffects":true,"showParticleSystems":true,"showVisualEffectGraphs":true,"m_FxEnabled":true},"in2DMode":false,"pivot":{"x":4.8252787590026859,"y":-22.470361709594728,"z":-7.770415306091309},"rotation":{"x":0.7081658840179443,"y":0.001059067784808576,"z":-0.0010622496483847499,"w":0.706044614315033},"size":0.8660253882408142,"orthographic":true}