{"cameraMode":{"drawMode":0,"name":"Shaded","section":"Shading Mode"},"sceneLighting":false,"audioPlay":false,"sceneViewState":{"m_AlwaysRefresh":false,"showFog":true,"showSkybox":false,"showFlares":true,"showImageEffects":true,"showParticleSystems":true,"showVisualEffectGraphs":true,"m_FxEnabled":true},"in2DMode":false,"pivot":{"x":-2.0008230209350588,"y":0.8395333290100098,"z":1.3596445322036744},"rotation":{"x":0.06361248344182968,"y":0.8850219249725342,"z":-0.12697423994541169,"w":0.44333991408348086},"size":0.3519625961780548,"orthographic":false}