{"cameraMode":{"drawMode":0,"name":"Shaded","section":"Shading Mode"},"sceneLighting":false,"audioPlay":false,"sceneViewState":{"m_AlwaysRefresh":false,"showFog":true,"showSkybox":false,"showFlares":true,"showImageEffects":true,"showParticleSystems":true,"showVisualEffectGraphs":true,"m_FxEnabled":true},"in2DMode":false,"pivot":{"x":-0.4128131568431854,"y":0.6440713405609131,"z":1.6500341892242432},"rotation":{"x":0.0652230829000473,"y":0.8281912803649902,"z":-0.09860251098871231,"w":0.5478250980377197},"size":0.3519625961780548,"orthographic":false}