{"cameraMode":{"drawMode":0,"name":"Shaded","section":"Shading Mode"},"sceneLighting":false,"audioPlay":false,"sceneViewState":{"m_AlwaysRefresh":false,"showFog":true,"showSkybox":false,"showFlares":true,"showImageEffects":true,"showParticleSystems":true,"showVisualEffectGraphs":true,"m_FxEnabled":true},"in2DMode":false,"pivot":{"x":-0.9019933938980103,"y":1.6699867248535157,"z":-1.608390212059021},"rotation":{"x":0.3066922128200531,"y":0.1278589516878128,"z":-0.032987769693136218,"w":0.9426725506782532},"size":0.8642716407775879,"orthographic":false}