{"cameraMode":{"drawMode":0,"name":"Shaded","section":"Shading Mode"},"sceneLighting":false,"audioPlay":false,"sceneViewState":{"m_AlwaysRefresh":false,"showFog":true,"showSkybox":false,"showFlares":true,"showImageEffects":true,"showParticleSystems":true,"showVisualEffectGraphs":true,"m_FxEnabled":true},"in2DMode":false,"pivot":{"x":0.5821726322174072,"y":-0.7126026153564453,"z":0.8485255241394043},"rotation":{"x":0.26379168033599856,"y":-0.008055634796619416,"z":-0.004829781595617533,"w":0.9645489454269409},"size":3.024744749069214,"orthographic":false}